{"cameraMode":{"drawMode":0,"name":"Shaded","section":"Shading Mode"},"sceneLighting":true,"audioPlay":false,"sceneViewState":{"m_AlwaysRefresh":false,"showFog":true,"showSkybox":true,"showFlares":true,"showImageEffects":true,"showParticleSystems":true,"showVisualEffectGraphs":true,"m_FxEnabled":true},"in2DMode":false,"pivot":{"x":1353.13818359375,"y":710.0087280273438,"z":-1394.052001953125},"rotation":{"x":-0.010143177583813668,"y":-0.0016682336572557688,"z":-0.0011095264926552773,"w":-1.000180721282959},"size":22.09465980529785,"orthographic":false}